Автотюнинг/Прицепы Фаркопы;7;Фаркоп;27332781;Фаркоп;Все товары/Авто/Запчасти/Аксессуары
Автотюнинг/Прицепы Фаркопы/Седельные Устройства;41;Фаркоп;27332781;Фаркоп;Все товары/Авто/Запчасти/Аксессуары
Аксессуары/Набор Автомобилиста;45;Автоаварийный набор;27332699;Аварийный набор;Все товары/Авто/Запчасти/Аксессуары
Аксессуары/Набор Автомобилиста/Жилеты;3460;Светоотражающий жилет;87138242;Светоотражающий жилет;Все товары/Авто/Запчасти/Аксессуары
Аксессуары/Щетки Скребки;44;Щетки стеклоочистителя;33698214;Каркасная щетка стеклоочистителя;Все товары/Авто/Запчасти/Аксессуары
Аксессуары/Щетки Скребки/Скребки;3458;Щетки стеклоочистителя;33698214;Автомобильная щетка для снега;Все товары/Авто/Запчасти/Аксессуары
Аксессуары/Щетки Скребки/Щетки;3457;Щетки стеклоочистителя;33698214;Автомобильная щетка для снега;Все товары/Авто/Запчасти/Аксессуары
Жидкости Автохимия/Масло и Жидкости;1114;Автохимия - Масло моторное;33717370;Моторное масло;Все товары/Авто/Масла и технические жидкости
Жидкости Автохимия/Масло и Жидкости/антифриз;3441;Автохимия - Антифриз, тосол;33717357;Антифриз;Все товары/Авто/Масла и технические жидкости
Жидкости Автохимия/Масло и Жидкости/Герметики;3447;Автохимия - Герметик, клей;33717355;Герметик;Все товары/Авто/Масла и технические жидкости
Жидкости Автохимия/Масло и Жидкости/двигатель масло;3389;Автохимия - Масло моторное;33717370;Моторное масло;Все товары/Авто/Масла и технические жидкости
Жидкости Автохимия/Масло и Жидкости/жидкость тормозная;3197;Автохимия - Тормозная жидкость;33717368;Тормозная жидкость;Все товары/Авто/Масла и технические жидкости
Жидкости Автохимия/Масло и Жидкости/коробка масло;3387;Автохимия - Трансмиссионное, гидравлическое масла;81105347;Трансмиссионное масло;Все товары/Авто/Масла и технические жидкости
Жидкости Автохимия/Масло и Жидкости/масло акпп;3084;Автохимия - Трансмиссионное, гидравлическое масла;81105347;Трансмиссионное масло;Все товары/Авто/Масла и технические жидкости
Жидкости Автохимия/Масло и Жидкости/масло гур;3043;Автохимия - Трансмиссионное, гидравлическое масла;81105347;Гидравлическое масло;Все товары/Авто/Масла и технические жидкости
Жидкости Автохимия/Масло и Жидкости/масло моста;3436;Автохимия - Трансмиссионное, гидравлическое масла;81105347;Трансмиссионное масло;Все товары/Авто/Масла и технические жидкости
Жидкости Автохимия/Масло и Жидкости/Незамерзайка;3446;Автохимия - Жидкость для стеклоомывателя;33725549;Жидкость стеклоомывателя;Все товары/Авто/Масла и технические жидкости
Жидкости Автохимия/Масло и Жидкости/раздатка масло;3241;Автохимия - Трансмиссионное, гидравлическое масла;81105347;Трансмиссионное масло;Все товары/Авто/Масла и технические жидкости
Жидкости Автохимия/Масло и Жидкости/редуктор масло;3248;Автохимия - Трансмиссионное, гидравлическое масла;81105347;Трансмиссионное масло;Все товары/Авто/Масла и технические жидкости
Жидкости Автохимия/Масло и Жидкости/Смазки разные;3461;Автохимия - Смазка;33717369;Смазка;Все товары/Авто/Масла и технические жидкости
Жидкости Автохимия/Масло и Жидкости/фиксатор резьбы;3448;Автохимия - Смазка;33717369;Смазка;Все товары/Авто/Масла и технические жидкости
Запчасти/Аккумуляторы;21;Аккумулятор автомобильный;33696961;Аккумулятор автомобильный;Все товары/Авто/Запчасти/Аккумуляторы
Запчасти/Аккумуляторы/Аккумуляторная Батарея;1001;Аккумулятор автомобильный;33696961;Аккумулятор автомобильный;Все товары/Авто/Запчасти/Аккумуляторы/Аккумуляторные батареи
Запчасти/Воздушная Система;38;Глушитель, резонатор;33698292;Выхлопная труба;Все товары/Авто/Запчасти/Фильтры/Воздушные фильтры
Запчасти/Воздушная Система/Компрессор Воздуха;1037;Компрессор климатической установки для авто;85833494;Компрессор кондиционера;Все товары/Авто/Запчасти/Компоненты климатических систем автомобиля
Запчасти/Выхлопная Система;36;Глушитель, резонатор;33698292;Выхлопная труба;Все товары/Авто/Запчасти/Выхлопная система
Запчасти/Выхлопная Система/Глушители Катализаторы ЕГР;1013;Глушитель, резонатор;33698292;Труба глушителя;Все товары/Авто/Запчасти/Выхлопная система
Запчасти/Детали Двигателя;33;Двигатель автомобильный;33696910;ГБЦ;Все товары/Авто/Запчасти/Двигатель
Запчасти/Детали Двигателя/Блок Двигателя и Цилиндров;1104;Блок цилиндров;85806235;Гильза цилиндра;Все товары/Авто/Запчасти/Двигатель
Запчасти/Детали Двигателя/Головка и ГРМ;1014;Головка блока цилиндров;85806968;ГБЦ;Все товары/Авто/Запчасти/Двигатель
Запчасти/Детали Двигателя/Детали Двигателя Разные;1115;Двигатель автомобильный;33696910;ГБЦ;Все товары/Авто/Запчасти/Двигатель
Запчасти/Детали Двигателя/Картер Поддон Двигателя;1026;Масляный поддон для авто;86292271;Поддон картера двигателя;Все товары/Авто/Запчасти/Двигатель
Запчасти/Детали Двигателя/Клапаны Разные;1120;Клапан ДВС;85814340;Клапан топливный;Все товары/Авто/Запчасти/Двигатель
Запчасти/Детали Двигателя/Коленвал и Поршневая Группа;1033;Коленчатый вал;85807223;Вал коленчатый;Все товары/Авто/Запчасти/Двигатель
Запчасти/Детали Двигателя/Коллектор Впускной Выпускной;1035;Впускной коллектор;33698198;Коллектор впускной;Все товары/Авто/Запчасти/Двигатель
Запчасти/Детали Двигателя/Подушки Опоры Двигателя;1108;Опора двигателя и КПП;33696914;Подушка двигателя;Все товары/Авто/Запчасти/Двигатель
Запчасти/Детали Двигателя/Прокладки Разные;1129;Прокладка двигателя;85810218;Прокладка двигателя;Все товары/Авто/Запчасти/Двигатель
Запчасти/Детали Двигателя/Распредвал и Детали;1062;Распределительный вал;85813116;Распредвал;Все товары/Авто/Запчасти/Двигатель
Запчасти/Детали Двигателя/Сальники Разные;1131;Прокладка двигателя;85810218;Прокладка двигателя;Все товары/Авто/Запчасти/Двигатель
Запчасти/Детали Двигателя/Сисиема Зажигания;1116;Катушка зажигания и составляющие;85835327;Запчасти автомобильные;Все товары/Авто/Запчасти/Двигатель
Запчасти/Детали Двигателя/Турбина и Интеркуллер;1091;Турбина для авто;85842792;Турбокомпрессор;Все товары/Авто/Запчасти/Двигатель
Запчасти/Детали Двигателя/Цепи Грм;1126;Цепь приводная и ГРМ;85813696;Цепь ГРМ;Все товары/Авто/Запчасти/Двигатель
Запчасти/Инструменты;37;Ключи ремонтные для авто;27332794;Набор инструментов;Все товары/Авто/Запчасти/Инструмент
Запчасти/Инструменты/Домкраты Рукоятки;1019;Домкрат автомобильный;27332793;Домкрат автомобильный;Все товары/Авто/Запчасти/Инструмент
Запчасти/Инструменты/Ключи Съемники;1029;Ключи ремонтные для авто;27332794;Набор инструментов;Все товары/Авто/Запчасти/Инструмент
Запчасти/Колеса Шины;22;Шины автомобильные;68110271;Шины для легковых автомобилей;Все товары/Авто/Запчасти/Инструмент
Запчасти/Колеса Шины/Колеса Шины Диски;1034;Шины автомобильные;68110271;Шины для легковых автомобилей;Все товары/Авто/Запчасти/Инструмент
Запчасти/Крепеж;42;Автокрепеж;74190355;Запчасти автомобильные;Все товары/Авто/Запчасти/Крепеж авто
Запчасти/Крепеж/Крепеж разный;3443;Автокрепеж;74190355;Запчасти автомобильные;Все товары/Авто/Запчасти/Крепеж авто
Запчасти/Кузовные Детали;24;Кузовные детали;48159484;Запчасти автомобильные;Все товары/Авто/Запчасти/Кузовные детали
Запчасти/Кузовные Детали/Антенна Наружная;1005;Антенна автомобильная;27332738;Автомобильная антенна;Все товары/Авто/Запчасти/Кузовные детали
Запчасти/Кузовные Детали/Багажный Отсек;1006;Крышка багажника автомобильная;93446788;Кузовная накладка;Все товары/Авто/Запчасти/Кузовные детали/Крышки и двери багажника
Запчасти/Кузовные Детали/Бамперы и Детали;1007;Бампер автомобильный;93446789;Бампер;Все товары/Авто/Запчасти/Кузовные детали/Бамперы
Запчасти/Кузовные Детали/Бачки Разные;1106;Расширительный бачок для авто;87892132;Бачок расширительный для авто;Все товары/Авто/Запчасти/Кузовные детали
Запчасти/Кузовные Детали/Брызговики Колес;1008;Брызговики;27332785;Брызговики;Все товары/Авто/Запчасти/Кузовные детали
Запчасти/Кузовные Детали/Дефлекторы Разные;1017;Авто дефлектор/ветровик;27332779;Дефлектор для окон;Все товары/Авто/Запчасти/Кузовные детали
Запчасти/Кузовные Детали/Замки Разные;1117;Замок автомобильный;92145042;Замок двери авто;Все товары/Авто/Запчасти/Кузовные детали/Двери
Запчасти/Кузовные Детали/Зеркала и Детали Зеркал;1022;Зеркало боковое автомобильное;99426212;Боковое зеркало;Все товары/Авто/Запчасти/Кузовные детали/Наружные зеркала заднего вида
Запчасти/Кузовные Детали/Кабина, Кузов;1023;Дверь автомобильная;93446801;Запчасти автомобильные;Все товары/Авто/Запчасти/Кузовные детали/Двери
Запчасти/Кузовные Детали/Капот и Детали Капота;1024;Капот автомобильный;93446777;Запчасти автомобильные;Все товары/Авто/Запчасти/Кузовные детали/Капоты
Запчасти/Кузовные Детали/Крылья Арки Подкрылки;1040;Крыло автомобильное;93446776;Крыло автомобильное;Все товары/Авто/Запчасти/Кузовные детали/Крылья
Запчасти/Кузовные Детали/Подрамник Рама;1053;Порог автомобильный;93446795;Накладки на пороги;Все товары/Авто/Запчасти/Кузовные детали
Запчасти/Кузовные Детали/Пороги Кузова;1054;Порог автомобильный;93446795;Накладки на пороги;Все товары/Авто/Запчасти/Кузовные детали
Запчасти/Кузовные Детали/Ручки Разные;1069;Ручка двери автомобильная;99606705;Запчасти автомобильные;Все товары/Авто/Запчасти/Кузовные детали/Ручки дверные
Запчасти/Кузовные Детали/Спойлеры Разные;1078;Кузовные детали;48159484;Запчасти автомобильные;Все товары/Авто/Запчасти/Кузовные детали
Запчасти/Кузовные Детали/Стекла Разные;1042;Автостекло;93446800;Стекло боковое;Все товары/Авто/Запчасти/Кузовные детали
Запчасти/Кузовные Детали/Эмблеммы и Наклейки;1096;Наклейка для дверной ручки автомобиля;99658513;Запчасти автомобильные;Все товары/Авто/Запчасти/Кузовные детали
Запчасти/Отопление Климат Контроль;28;Радиатор отопления;61339060;Запчасти автомобильные;Все товары/Авто/Запчасти/Компоненты климатических систем автомобиля
Запчасти/Отопление Климат Контроль/Кондиционер и Детали;1038;Радиатор кондиционера для авто;85833530;Радиатор кондиционера;Все товары/Авто/Запчасти/Компоненты климатических систем автомобиля
Запчасти/Отопление Климат Контроль/Отопитель и Печка;1048;Радиатор отопления;61339060;Радиатор кондиционера;Все товары/Авто/Запчасти/Компоненты климатических систем автомобиля
Запчасти/Охлаждение;40;Радиатор охлаждения для авто;39655599;Радиатор охлаждения;Все товары/Авто/Запчасти/Компоненты климатических систем автомобиля
Запчасти/Охлаждение/Вентиляторы Гидромуфты;1112;Вентилятор охлаждения для авто;85835759;Радиатор охлаждения;Все товары/Авто/Запчасти/Компоненты климатических систем автомобиля
Запчасти/Охлаждение/Радиатор Помпа Расширитель;1060;Радиатор охлаждения для авто;39655599;Радиатор охлаждения;Все товары/Авто/Запчасти/Компоненты климатических систем автомобиля
Запчасти/Подвеска;25;Рычаг, тяга подвески;85828600;Запчасти автомобильные;Все товары/Авто/Запчасти/Подвеска
Запчасти/Подвеска/Амортизатор Подвески;1003;Амортизатор подвески;36201235;Амортизатор подвески;Все товары/Авто/Запчасти/Подвеска/Амортизаторы и стойки
Запчасти/Подвеска/Балансиры Подвески;1111;Рычаг, тяга подвески;85828600;Рычаг подвески;Все товары/Авто/Запчасти/Подвеска
Запчасти/Подвеска/Балка Подвески;1101;Рычаг, тяга подвески;85828600;Рычаг подвески;Все товары/Авто/Запчасти/Подвеска
Запчасти/Подвеска/Втулки Разные;1113;Сайлентблок, втулка подвески;85824274;Сайлентблок;Все товары/Авто/Запчасти/Подвеска
Запчасти/Подвеска/Детали Подвески Разные;1127;Рычаг, тяга подвески;85828600;Рычаг подвески;Все товары/Авто/Запчасти/Подвеска
Запчасти/Подвеска/Подшипники Разные;1128;Ступица, подшипник колеса;36201238;Запчасти автомобильные;Все товары/Авто/Запчасти/Подвеска
Запчасти/Подвеска/Рычаги Подвески;1070;Рычаг, тяга подвески;85828600;Рычаг подвески;Все товары/Авто/Запчасти/Подвеска/Рычаги
Запчасти/Подвеска/Сайлентблоки Подвески;1071;Сайлентблок, втулка подвески;85824274;Сайлентблок;Все товары/Авто/Запчасти/Подвеска/Сайлентблоки
Запчасти/Подвеска/Стабилизатор Подвески;1079;Стабилизатор подвески;85825489;Стойка стабилизатора;Все товары/Авто/Запчасти/Подвеска
Запчасти/Подвеска/Шаровые Опоры;1094;Опора шаровая;85830705;Опора шаровая;Все товары/Авто/Запчасти/Подвеска/Шаровые опоры
Запчасти/Рулевое Управление/Детали Гидроусилителя;1012;Редуктор рулевой;101200335;Запчасти рулевого управления;Все товары/Авто/Запчасти/Рулевое управление
Запчасти/Рулевое Управление/Детали Рулевого Управления;1066;Редуктор рулевой;101200335;Запчасти рулевого управления;Все товары/Авто/Запчасти/Рулевое управление
Запчасти/Салон Интерьер/Двери и Детали Дверей;1016;Дверь автомобильная;93446801;Запчасти автомобильные;Все товары/Авто/Запчасти/Салон
Запчасти/Салон Интерьер/Детали Салона Разные;1121;Коврик для салона авто;27332751;Запчасти автомобильные;Все товары/Авто/Запчасти/Салон
Запчасти/Салон Интерьер/Коврики Салона;1031;Коврик для салона авто;27332751;Коврики в салон автомобиля;Все товары/Авто/Запчасти/Салон
Запчасти/Салон Интерьер/Педали и Узлы;1050;Блок педали, составляющие для авто;86292728;Педаль акселератора;Все товары/Авто/Запчасти/Салон
Запчасти/Салон Интерьер/Подлокотники Подставки;1052;Подлокотник автомобильный;70945311;Подлокотник;Все товары/Авто/Запчасти/Салон
Запчасти/Салон Интерьер/Сиденья и Детали;1076;Автомобильное сиденье;90008317;Чехлы на сиденья;Все товары/Авто/Запчасти/Салон
Запчасти/Салон Интерьер/Система Мультимедиа;1098;Автомобильный монитор;81051414;Автомобильный монитор;Все товары/Авто/Запчасти/Салон
Запчасти/Салон Интерьер/Чехлы на Сиденья;1004;Комплект чехлов на сиденья авто;74170295;Чехлы на сиденья;Все товары/Авто/Запчасти/Салон
Запчасти/Салон Интерьер/бардачок;3452;Приборная панель для авто;99615332;Накидка на приборную панель;Все товары/Авто/Запчасти/Салон
Запчасти/Салон Интерьер/воздухозаборник;3444;Авто дефлектор/ветровик;27332779;Воздухозаборник;Все товары/Авто/Запчасти/Салон
Запчасти/Салон Интерьер/ручка салона;3449;Ручка двери;99606705;Ручка дверная автомобильная;Все товары/Авто/Запчасти/Салон
Запчасти/Салон Интерьер/педали;3453;Блок педали, составляющие для авто;86292728;Педаль акселератора;Все товары/Авто/Запчасти/Салон
Запчасти/Стекла, омыватели, стеклоподъемники;39;Трапеция стеклоподъемника;87891853;Трапеция стеклоочистителя;Все товары/Авто/Запчасти/Стекла
Запчасти/Стекла, омыватели, стеклоподъемники/Стеклоочиститель и Детали;1081;Мотор стеклоочистителя;86471711;Трапеция стеклоочистителя;Все товары/Авто/Запчасти/Стекла
Запчасти/Стекла, омыватели, стеклоподъемники/Стеклоподъемник и Детали;1082;Мотор стеклоподъемника;86472353;Трапеция стеклоочистителя;Все товары/Авто/Запчасти/Стекла
Запчасти/Топливная Система;29;Топливная система;33698197;Запчасти автомобильные;Все товары/Авто/Запчасти/Топливная система
Запчасти/Топливная Система/Форсунки Топливные;1110;Форсунка топливная;85842818;Форсунка топливная;Все товары/Авто/Запчасти/Топливная система
Запчасти/Топливная Система/Бак Топливный и Детали;1118;Топливная система;33698197;Топливный бак;Все товары/Авто/Запчасти/Топливная система
Запчасти/Топливная Система/Дроссель, Газ;1020;Дроссельная заслонка;85842795;Педаль акселератора;Все товары/Авто/Запчасти/Топливная система
Запчасти/Топливная Система/Топливный Насос;1090;Насос топливный;85843113;Насос топливный;Все товары/Авто/Запчасти/Топливная система
Запчасти/Тормозная Система;23;Тормозная система;17027947;Запчасти автомобильные;Все товары/Авто/Запчасти/Тормозная система
Запчасти/Тормозная Система/ручник;3455;Тормозная система;17027947;Запчасти автомобильные;Все товары/Авто/Запчасти/Тормозная система/Тросы стояночного тормоза
Запчасти/Тормозная Система/Диски Барабаны Тормозные;1018;Тормозные барабаны;33698167;Барабан тормозной;Все товары/Авто/Запчасти/Тормозная система/Тормозные барабаны
Запчасти/Тормозная Система/АБС Система Тормозов;1097;Блок ABS (гидроагрегат);1000001988;Датчик ABS;Все товары/Авто/Запчасти/Тормозная система
Запчасти/Тормозная Система/Колодки Тормозные Накладки;1036;Колодки тормозные;33698187;Тормозные колодки;Все товары/Авто/Запчасти/Тормозная система/Тормозные колодки
Запчасти/Тормозная Система/Ручник Тормоз Стояночный;1123;Тормозная система;17027947;Запчасти автомобильные;Все товары/Авто/Запчасти/Тормозная система/Тросы стояночного тормоза
Запчасти/Тормозная Система/Суппорт Тормозной;1086;Тормозной суппорт;85842995;Суппорты тормозные;Все товары/Авто/Запчасти/Тормозная система/Тормозные суппорты
Запчасти/Тормозная Система/Тормозные Запчасти Разные;1124;Тормозная система;17027947;Запчасти автомобильные;Все товары/Авто/Запчасти/Тормозная система
Запчасти/Трансмиссия;26;КПП в сборе;85817294;Запчасти автомобильные;Все товары/Авто/Запчасти/Трансмиссия
Запчасти/Трансмиссия/Дифференциал и Запчасти;1021;КПП в сборе;85817294;Запчасти автомобильные;Все товары/Авто/Запчасти/Трансмиссия
Запчасти/Трансмиссия/Кардан Крестовины;1025;Крестовина карданного вала;85817252;Крестовина карданного вала;Все товары/Авто/Запчасти/Трансмиссия
Запчасти/Трансмиссия/Коробка Передач и Запчасти;1002;КПП в сборе;85817294;Запчасти автомобильные;Все товары/Авто/Запчасти/Трансмиссия
Запчасти/Трансмиссия/Мост и Редукторы;1044;Редуктор заднего моста для авто;86332233;Редуктор заднего моста;Все товары/Авто/Запчасти/Трансмиссия
Запчасти/Трансмиссия/Приводы Полуоси ШРУСы;1095;ШРУС привода;36201240;Привод в сборе, Полуось;Все товары/Авто/Запчасти/Трансмиссия
Запчасти/Трансмиссия/Раздатка и Запчасти;1061;КПП в сборе;85817294;Запчасти автомобильные;Все товары/Авто/Запчасти/Трансмиссия
Запчасти/Трансмиссия/Редуктор Моста;1064;Редуктор заднего моста для авто;86332233;Редуктор заднего моста;Все товары/Авто/Запчасти/Трансмиссия
Запчасти/Трансмиссия/Рессоры Пуружины Торсионы;1068;Рессора подвески для авто;86295848;Запчасти автомобильные;Все товары/Авто/Запчасти/Трансмиссия
Запчасти/Трансмиссия/Ступицы и Запчасти;1085;Ступица, подшипник колеса;36201238;Ступица;Все товары/Авто/Запчасти/Трансмиссия
Запчасти/Трансмиссия/Сцепление и Запчасти;1087;Комплект сцепления;85835774;Комплект сцепления;Все товары/Авто/Запчасти/Трансмиссия
Запчасти/Фары, Освещение, Сигнализация;30;Фара автомобильная;33697184;Автомобильная фара;Все товары/Авто/Запчасти/Автосвет/Фары
Запчасти/Фары, Освещение, Сигнализация/Лампы Фар и Подсветки;1041;Фара автомобильная;33697184;Автомобильная фара;Все товары/Авто/Запчасти/Автосвет/Фары
Запчасти/Фары, Освещение, Сигнализация/Поворотники Повторители;1051;Повторитель указателя поворота;99426242;Автомобильная фара;Все товары/Авто/Запчасти/Автосвет/Фары
Запчасти/Фары, Освещение, Сигнализация/Фары Разные;1107;Фара автомобильная;33697184;Автомобильная фара;Все товары/Авто/Запчасти/Автосвет/Фары
Запчасти/Фары, Освещение, Сигнализация/Фонари и Сигнализация;1093;Фонарь задний для авто;85797441;Автомобильная фара;Все товары/Авто/Запчасти/Автосвет/Фары
Запчасти/Фильтры и Ремни;35;Фильтр воздушный;33697180;Запчасти автомобильные;Все товары/Авто/Запчасти/Фильтры
Запчасти/Фильтры и Ремни/Ремни Приводные и ГРМ;1067;Ремень приводной и ГРМ;33697155;Ремень ГРМ;Все товары/Авто/Запчасти/Фильтры
Запчасти/Фильтры и Ремни/Фильтры и Корпусы Фильтров;1092;Фильтр воздушный;33697180;Воздушный фильтр;Все товары/Авто/Запчасти/Фильтры
Запчасти/Электрооборудование;34;Электрооборудование;78731083;Запчасти автомобильные;Все товары/Авто/Запчасти/Электрика
Запчасти/Электрооборудование/Блоки Управления;1105;Блок управления для авто;85843091;Блок управления;Все товары/Авто/Запчасти/Электрика
Запчасти/Электрооборудование/Выключатели Кнопки Переключатели;1009;Переключатель салона авто;92145050;Переключатель подрулевой;Все товары/Авто/Запчасти/Электрика
Запчасти/Электрооборудование/Генераторы и Запчасти;1011;Автомобильный генератор;61852812;Автомобильный генератор;Все товары/Авто/Запчасти/Электрика
Запчасти/Электрооборудование/Датчики Разные;1015;Датчик для авто;85843109;Запчасти автомобильные;Все товары/Авто/Запчасти/Электрика
Запчасти/Электрооборудование/Предохранители Разные;1055;Предохранитель для авто;85843120;Предохранители для авто;Все товары/Авто/Запчасти/Электрика
Запчасти/Электрооборудование/Приборы и Панель Приборов;1056;Приборная панель для авто;99615332;Запчасти автомобильные;Все товары/Авто/Запчасти/Электрика
Запчасти/Электрооборудование/Прикуриватель и Детали;1057;Розетка 12v, прикуриватель, USB/AUX выход;92496695;Розетка прикуривателя;Все товары/Авто/Запчасти/Электрика
Запчасти/Электрооборудование/Проводка и Провода;1058;Проводка для авто;85843110;Запчасти автомобильные;Все товары/Авто/Запчасти/Электрика
Запчасти/Электрооборудование/Реле Разные;1125;Реле для авто;85844627;Запчасти автомобильные;Все товары/Авто/Запчасти/Электрика
Запчасти/Электрооборудование/Стартер Двигателя;1080;Комплектующие стартера для авто;85844666;Стартер в сборе;Все товары/Авто/Запчасти/Электрика
Запчасти/Электрооборудование/Электрические Детали Разные;1119;Электрооборудование;78731083;Запчасти автомобильные;Все товары/Авто/Запчасти/Электрика
