ангара;;маркет;;озон
Автотюнинг;4;Все товары/Авто/Запчасти/Аксессуары;Автоаксессуар;17028749
Автотюнинг/Прицепы Фаркопы;7;Все товары/Авто/Запчасти/Аксессуары;Автоаксессуар;17028749
Автотюнинг/Прицепы Фаркопы/Седельные Устройства;41;Все товары/Авто/Запчасти/Аксессуары;Автоаксессуар;17028749
Аксессуары;3;Все товары/Авто/Запчасти/Аксессуары;Автоаксессуар;17028749
Аксессуары/Набор Автомобилиста;45;Все товары/Авто/Запчасти/Аксессуары;Автоаксессуар;17028749
Аксессуары/Набор Автомобилиста/Жилеты;3460;Все товары/Авто/Запчасти/Аксессуары;Автоаксессуар;17028749
Аксессуары/Щетки Скребки;44;Все товары/Авто/Запчасти/Аксессуары;Щетки стеклоочистителя;33698214
Аксессуары/Щетки Скребки/Скребки;3458;Все товары/Авто/Запчасти/Аксессуары;Щетки стеклоочистителя;33698214
Аксессуары/Щетки Скребки/Щетки;3457;Все товары/Авто/Запчасти/Аксессуары;Щетки стеклоочистителя;33698214
Жидкости Автохимия;2;Все товары/Авто/Масла и технические жидкости;Автохимия - Масло моторное;33717370
Жидкости Автохимия/Масло и Жидкости;1114;Все товары/Авто/Масла и технические жидкости;Автохимия - Масло моторное;33717370
Жидкости Автохимия/Масло и Жидкости/антифриз;3441;Все товары/Авто/Масла и технические жидкости;Автохимия - Масло моторное;33717370
Жидкости Автохимия/Масло и Жидкости/Герметики;3447;Все товары/Авто/Масла и технические жидкости;Автохимия - Масло моторное;33717370
Жидкости Автохимия/Масло и Жидкости/двигатель масло;3389;Все товары/Авто/Масла и технические жидкости;Автохимия - Масло моторное;33717370
Жидкости Автохимия/Масло и Жидкости/жидкость тормозная;3197;Все товары/Авто/Масла и технические жидкости;Автохимия - Масло моторное;33717370
Жидкости Автохимия/Масло и Жидкости/коробка масло;3387;Все товары/Авто/Масла и технические жидкости;Автохимия - Масло моторное;33717370
Жидкости Автохимия/Масло и Жидкости/масло акпп;3084;Все товары/Авто/Масла и технические жидкости;Автохимия - Масло моторное;33717370
Жидкости Автохимия/Масло и Жидкости/масло гур;3043;Все товары/Авто/Масла и технические жидкости;Автохимия - Масло моторное;33717370
Жидкости Автохимия/Масло и Жидкости/масло моста;3436;Все товары/Авто/Масла и технические жидкости;Автохимия - Масло моторное;33717370
Жидкости Автохимия/Масло и Жидкости/Незамерзайка;3446;Все товары/Авто/Масла и технические жидкости;Автохимия - Масло моторное;33717370
Жидкости Автохимия/Масло и Жидкости/раздатка масло;3241;Все товары/Авто/Масла и технические жидкости;Автохимия - Масло моторное;33717370
Жидкости Автохимия/Масло и Жидкости/редуктор масло;3248;Все товары/Авто/Масла и технические жидкости;Автохимия - Масло моторное;33717370
Жидкости Автохимия/Масло и Жидкости/Смазки разные;3461;Все товары/Авто/Масла и технические жидкости;Автохимия - Масло моторное;33717370
Жидкости Автохимия/Масло и Жидкости/фиксатор резьбы;3448;Все товары/Авто/Масла и технические жидкости;Автохимия - Масло моторное;33717370
Запчасти;1;;Авто/мото запчасти;17028756
Запчасти/Аккумуляторы;21;Все товары/Авто/Запчасти/Аккумуляторы;Аккумулятор автомобильный;33696961
Запчасти/Аккумуляторы/Аккумуляторная Батарея;1001;Все товары/Авто/Запчасти/Аккумуляторы/Аккумуляторные батареи;Аккумулятор автомобильный;33696961
Запчасти/Воздушная Система;38;Все товары/Авто/Запчасти/Фильтры/Воздушные фильтры;Впускной коллектор;33698198
Запчасти/Воздушная Система/Компрессор Воздуха;1037;Все товары/Авто/Запчасти/Компоненты климатических систем автомобиля;Впускной коллектор;33698198
Запчасти/Выхлопная Система;36;Все товары/Авто/Запчасти/Выхлопная система;Глушитель, резонатор;33698292
Запчасти/Выхлопная Система/Глушители Катализаторы ЕГР;1013;Все товары/Авто/Запчасти/Выхлопная система;Глушитель, резонатор;33698292
Запчасти/Детали Двигателя;33;Все товары/Авто/Запчасти/Двигатель;Двигатель автомобильный;33696910
Запчасти/Детали Двигателя/Блок Двигателя и Цилиндров;1104;Все товары/Авто/Запчасти/Двигатель;Двигатель автомобильный;33696910
Запчасти/Детали Двигателя/Головка и ГРМ;1014;Все товары/Авто/Запчасти/Двигатель;Головка блока цилиндров;85806968
Запчасти/Детали Двигателя/Детали Двигателя Разные;1115;Все товары/Авто/Запчасти/Двигатель;Двигатель автомобильный;33696910
Запчасти/Детали Двигателя/Картер Поддон Двигателя;1026;Все товары/Авто/Запчасти/Двигатель;Масляный поддон для авто;86292271
Запчасти/Детали Двигателя/Клапаны Разные;1120;Все товары/Авто/Запчасти/Двигатель;Двигатель автомобильный;33696910
Запчасти/Детали Двигателя/Коленвал и Поршневая Группа;1033;Все товары/Авто/Запчасти/Двигатель;Коленчатый вал;85807223
Запчасти/Детали Двигателя/Коллектор Впускной Выпускной;1035;Все товары/Авто/Запчасти/Двигатель;Впускной коллектор;33698198
Запчасти/Детали Двигателя/Подушки Опоры Двигателя;1108;Все товары/Авто/Запчасти/Двигатель;Опора двигателя и КПП;33696914
Запчасти/Детали Двигателя/Прокладки Разные;1129;Все товары/Авто/Запчасти/Двигатель;Прокладка двигателя;85810218
Запчасти/Детали Двигателя/Распредвал и Детали;1062;Все товары/Авто/Запчасти/Двигатель;Распределительный вал;85813116
Запчасти/Детали Двигателя/Сальники Разные;1131;Все товары/Авто/Запчасти/Двигатель;Прокладка двигателя;85810218
Запчасти/Детали Двигателя/Сисиема Зажигания;1116;Все товары/Авто/Запчасти/Двигатель;Катушка зажигания и составляющие;85835327
Запчасти/Детали Двигателя/Турбина и Интеркуллер;1091;Все товары/Авто/Запчасти/Двигатель;Турбина для авто;85842792
Запчасти/Детали Двигателя/Цепи Грм;1126;Все товары/Авто/Запчасти/Двигатель;Натяжное устройство цепи, ремня ДВС;85814330
Запчасти/Инструменты;37;Все товары/Авто/Запчасти/Инструмент;Ключи ремонтные для авто;27332794
Запчасти/Инструменты/Домкраты Рукоятки;1019;Все товары/Авто/Запчасти/Инструмент;Домкрат автомобильный;27332793
Запчасти/Инструменты/Ключи Съемники;1029;Все товары/Авто/Запчасти/Инструмент;Ключи ремонтные для авто;27332794
Запчасти/Колеса Шины;22;Все товары/Авто/Запчасти/Инструмент;Шины автомобильные;68110271
Запчасти/Колеса Шины/Колеса Шины Диски;1034;Все товары/Авто/Запчасти/Инструмент;Шины автомобильные;68110271
Запчасти/Крепеж;42;Все товары/Авто/Запчасти/Крепеж авто;Ключи ремонтные для авто;27332794
Запчасти/Крепеж/Крепеж разный;3443;Все товары/Авто/Запчасти/Крепеж авто;Ключи ремонтные для авто;27332794
Запчасти/Кузовные Детали;24;Все товары/Авто/Запчасти/Кузовные детали;Кузовные детали;48159484
Запчасти/Кузовные Детали/Антенна Наружная;1005;Все товары/Авто/Запчасти/Кузовные детали;Антенна автомобильная;27332738
Запчасти/Кузовные Детали/Багажный Отсек;1006;Все товары/Авто/Запчасти/Кузовные детали/Крышки и двери багажника;Крышка багажника автомобильная;93446788
Запчасти/Кузовные Детали/Бамперы и Детали;1007;Все товары/Авто/Запчасти/Кузовные детали/Бамперы;Усилитель бампера;101292868
Запчасти/Кузовные Детали/Бачки Разные;1106;Все товары/Авто/Запчасти/Кузовные детали;Расширительный бачок для авто;87892132
Запчасти/Кузовные Детали/Брызговики Колес;1008;Все товары/Авто/Запчасти/Кузовные детали;Брызговики;27332785
Запчасти/Кузовные Детали/Дефлекторы Разные;1017;Все товары/Авто/Запчасти/Кузовные детали;Замок автомобильный;92145042
Запчасти/Кузовные Детали/Замки Разные;1117;Все товары/Авто/Запчасти/Кузовные детали/Двери;Дверь автомобильная;93446801
Запчасти/Кузовные Детали/Зеркала и Детали Зеркал;1022;Все товары/Авто/Запчасти/Кузовные детали/Наружные зеркала заднего вида;Зеркало боковое автомобильное;99426212
Запчасти/Кузовные Детали/Кабина, Кузов;1023;Все товары/Авто/Запчасти/Кузовные детали/Двери;Дверь автомобильная;93446801
Запчасти/Кузовные Детали/Капот и Детали Капота;1024;Все товары/Авто/Запчасти/Кузовные детали/Капоты;Капот автомобильный;93446777
Запчасти/Кузовные Детали/Крылья Арки Подкрылки;1040;Все товары/Авто/Запчасти/Кузовные детали/Крылья;Крыло автомобильное;93446776
Запчасти/Кузовные Детали/Подрамник Рама;1053;Все товары/Авто/Запчасти/Кузовные детали;Порог автомобильный;93446795
Запчасти/Кузовные Детали/Пороги Кузова;1054;Все товары/Авто/Запчасти/Кузовные детали;Порог автомобильный;93446795
Запчасти/Кузовные Детали/Ручки Разные;1069;Все товары/Авто/Запчасти/Кузовные детали/Ручки дверные;Ручка двери автомобильная;99606705
Запчасти/Кузовные Детали/Спойлеры Разные;1078;Все товары/Авто/Запчасти/Кузовные детали;Кузовные детали;48159484
Запчасти/Кузовные Детали/Стекла Разные;1042;Все товары/Авто/Запчасти/Кузовные детали;Автостекло;93446800
Запчасти/Кузовные Детали/Эмблеммы и Наклейки;1096;Все товары/Авто/Запчасти/Кузовные детали;Наклейка для дверной ручки автомобиля;99658513
Запчасти/Отопление Климат Контроль;28;Все товары/Авто/Запчасти/Компоненты климатических систем автомобиля;Патрубок системы отопления для авто;85833529
Запчасти/Отопление Климат Контроль/Кондиционер и Детали;1038;Все товары/Авто/Запчасти/Компоненты климатических систем автомобиля;Радиатор кондиционера для авто;85833530
Запчасти/Отопление Климат Контроль/Отопитель и Печка;1048;Все товары/Авто/Запчасти/Компоненты климатических систем автомобиля;Радиатор кондиционера для авто;85833530
Запчасти/Охлаждение;40;Все товары/Авто/Запчасти/Компоненты климатических систем автомобиля;Радиатор охлаждения для авто;39655599
Запчасти/Охлаждение/Вентиляторы Гидромуфты;1112;Все товары/Авто/Запчасти/Компоненты климатических систем автомобиля;Радиатор охлаждения для авто;39655599
Запчасти/Охлаждение/Радиатор Помпа Расширитель;1060;Все товары/Авто/Запчасти/Компоненты климатических систем автомобиля;Радиатор охлаждения для авто;39655599
Запчасти/Подвеска;25;Все товары/Авто/Запчасти/Подвеска;Стабилизатор подвески;85825489
Запчасти/Подвеска/Амортизатор Подвески;1003;Все товары/Авто/Запчасти/Подвеска/Амортизаторы и стойки;Амортизатор подвески;36201235
Запчасти/Подвеска/Балансиры Подвески;1111;Все товары/Авто/Запчасти/Подвеска;Рычаг, тяга подвески;85828600
Запчасти/Подвеска/Балка Подвески;1101;Все товары/Авто/Запчасти/Подвеска;Рычаг, тяга подвески;85828600
Запчасти/Подвеска/Втулки Разные;1113;Все товары/Авто/Запчасти/Подвеска;Сайлентблок, втулка подвески;85824274
Запчасти/Подвеска/Детали Подвески Разные;1127;Все товары/Авто/Запчасти/Подвеска;Рычаг, тяга подвески;85828600
Запчасти/Подвеска/Подшипники Разные;1128;Все товары/Авто/Запчасти/Подвеска;Опора, подшипник амортизатора;36201237
Запчасти/Подвеска/Рычаги Подвески;1070;Все товары/Авто/Запчасти/Подвеска/Рычаги;Рычаг, тяга подвески;85828600
Запчасти/Подвеска/Сайлентблоки Подвески;1071;Все товары/Авто/Запчасти/Подвеска/Сайлентблоки;Сайлентблок, втулка подвески;85824274
Запчасти/Подвеска/Стабилизатор Подвески;1079;Все товары/Авто/Запчасти/Подвеска;Стабилизатор подвески;85825489
Запчасти/Подвеска/Шаровые Опоры;1094;Все товары/Авто/Запчасти/Подвеска/Шаровые опоры;Опора шаровая;85830705
Запчасти/Рулевое Управление;27;Все товары/Авто/Запчасти/Рулевое управление;Рулевое колесо;86469808
Запчасти/Рулевое Управление/Детали Гидроусилителя;1012;Все товары/Авто/Запчасти/Рулевое управление;Рулевое колесо;86469808
Запчасти/Рулевое Управление/Детали Рулевого Управления;1066;Все товары/Авто/Запчасти/Рулевое управление;Рулевое колесо;86469808
Запчасти/Салон Интерьер;31;Все товары/Авто/Запчасти/Салон;Переключатель салона авто;92145050
Запчасти/Салон Интерьер/Двери и Детали Дверей;1016;Все товары/Авто/Запчасти/Салон;Дверь автомобильная;93446801
Запчасти/Салон Интерьер/Детали Салона Разные;1121;Все товары/Авто/Запчасти/Салон;Коврик для салона авто;27332751
Запчасти/Салон Интерьер/Коврики Салона;1031;Все товары/Авто/Запчасти/Салон;Коврик для салона авто;27332751
Запчасти/Салон Интерьер/Педали и Узлы;1050;Все товары/Авто/Запчасти/Салон;Блок педали, составляющие для авто;86292728
Запчасти/Салон Интерьер/Подлокотники Подставки;1052;Все товары/Авто/Запчасти/Салон;Подлокотник автомобильный;70945311
Запчасти/Салон Интерьер/Сиденья и Детали;1076;Все товары/Авто/Запчасти/Салон;Автомобильное сиденье;90008317
Запчасти/Салон Интерьер/Система Мультимедиа;1098;Все товары/Авто/Запчасти/Салон;Автомобильный монитор;81051414
Запчасти/Салон Интерьер/Чехлы на Сиденья;1004;Все товары/Авто/Запчасти/Салон;Комплект чехлов на сиденья авто;74170295
Запчасти/Салон Интерьер/бардачок;3452;Все товары/Авто/Запчасти/Салон;Приборная панель для авто;99615332
Запчасти/Салон Интерьер/воздухозаборник;3444;Все товары/Авто/Запчасти/Салон;Патрубок воздушный;85842811
Запчасти/Салон Интерьер/ручка салона;3449;Все товары/Авто/Запчасти/Салон;Ручка двери автомобильная;99606705
Запчасти/Салон Интерьер/педали;3453;Все товары/Авто/Запчасти/Салон;Блок педали, составляющие для авто;86292728
Запчасти/Стекла, омыватели, стеклоподъемники;39;Все товары/Авто/Запчасти/Стекла;Трапеция стеклоподъемника;87891853
Запчасти/Стекла, омыватели, стеклоподъемники/Стеклоочиститель и Детали;1081;Все товары/Авто/Запчасти/Стекла;Трапеция стеклоподъемника;87891853
Запчасти/Стекла, омыватели, стеклоподъемники/Стеклоподъемник и Детали;1082;Все товары/Авто/Запчасти/Стекла;Трапеция стеклоподъемника;87891853
Запчасти/Топливная Система;29;Все товары/Авто/Запчасти/Топливная система;Топливная система;33698197
Запчасти/Топливная Система/Форсунки Топливные;1110;Все товары/Авто/Запчасти/Топливная система;Топливная система;33698197
Запчасти/Топливная Система/Бак Топливный и Детали;1118;Все товары/Авто/Запчасти/Топливная система;Топливная система;33698197
Запчасти/Топливная Система/Дроссель, Газ;1020;Все товары/Авто/Запчасти/Топливная система;Топливная система;33698197
Запчасти/Топливная Система/Топливный Насос;1090;Все товары/Авто/Запчасти/Топливная система;Топливная система;33698197
Запчасти/Тормозная Система;23;Все товары/Авто/Запчасти/Тормозная система;Тормозные барабаны;33698167
Запчасти/Тормозная Система/ручник;3455;Все товары/Авто/Запчасти/Тормозная система/Тросы стояночного тормоза;Оборудование для диагностики и ремонта тормозной системы;1000001871
Запчасти/Тормозная Система/Диски Барабаны Тормозные;1018;Все товары/Авто/Запчасти/Тормозная система/Тормозные барабаны;Тормозные барабаны;33698167
Запчасти/Тормозная Система/АБС Система Тормозов;1097;Все товары/Авто/Запчасти/Тормозная система;Оборудование для диагностики и ремонта тормозной системы;1000001871
Запчасти/Тормозная Система/Колодки Тормозные Накладки;1036;Все товары/Авто/Запчасти/Тормозная система/Тормозные колодки;Колодки тормозные;33698187
Запчасти/Тормозная Система/Ручник Тормоз Стояночный;1123;Все товары/Авто/Запчасти/Тормозная система/Тросы стояночного тормоза;Колодки тормозные;33698187
Запчасти/Тормозная Система/Суппорт Тормозной;1086;Все товары/Авто/Запчасти/Тормозная система/Тормозные суппорты;Колодки тормозные;33698187
Запчасти/Тормозная Система/Тормозные Запчасти Разные;1124;Все товары/Авто/Запчасти/Тормозная система;Колодки тормозные;33698187
Запчасти/Трансмиссия;26;Все товары/Авто/Запчасти/Трансмиссия;Селектор КПП в сборе;85817292
Запчасти/Трансмиссия/Дифференциал и Запчасти;1021;Все товары/Авто/Запчасти/Трансмиссия;Селектор КПП в сборе;85817292
Запчасти/Трансмиссия/Кардан Крестовины;1025;Все товары/Авто/Запчасти/Трансмиссия;Крестовина карданного вала;85817252
Запчасти/Трансмиссия/Коробка Передач и Запчасти;1002;Все товары/Авто/Запчасти/Трансмиссия;Селектор КПП в сборе;85817292
Запчасти/Трансмиссия/Мост и Редукторы;1044;Все товары/Авто/Запчасти/Трансмиссия;Дифференциал заднего моста для авто;86332057
Запчасти/Трансмиссия/Приводы Полуоси ШРУСы;1095;Все товары/Авто/Запчасти/Трансмиссия;ШРУС привода;36201240
Запчасти/Трансмиссия/Раздатка и Запчасти;1061;Все товары/Авто/Запчасти/Трансмиссия;Селектор КПП в сборе;85817292
Запчасти/Трансмиссия/Редуктор Моста;1064;Все товары/Авто/Запчасти/Трансмиссия;Редуктор заднего моста для авто;86332233
Запчасти/Трансмиссия/Рессоры Пуружины Торсионы;1068;Все товары/Авто/Запчасти/Трансмиссия;Рессора подвески для авто;86295848
Запчасти/Трансмиссия/Ступицы и Запчасти;1085;Все товары/Авто/Запчасти/Трансмиссия;Ступица, подшипник колеса;36201238
Запчасти/Трансмиссия/Сцепление и Запчасти;1087;Все товары/Авто/Запчасти/Трансмиссия;Корзина сцепления;36210095
Запчасти/Фары, Освещение, Сигнализация;30;Все товары/Авто/Запчасти/Автосвет/Фары;Фара автомобильная;33697184
Запчасти/Фары, Освещение, Сигнализация/Лампы Фар и Подсветки;1041;Все товары/Авто/Запчасти/Автосвет/Фары;Фара автомобильная;33697184
Запчасти/Фары, Освещение, Сигнализация/Поворотники Повторители;1051;Все товары/Авто/Запчасти/Автосвет/Фары;Фара автомобильная;33697184
Запчасти/Фары, Освещение, Сигнализация/Фары Разные;1107;Все товары/Авто/Запчасти/Автосвет/Фары;Фара автомобильная;33697184
Запчасти/Фары, Освещение, Сигнализация/Фонари и Сигнализация;1093;Все товары/Авто/Запчасти/Автосвет/Фары;Фара автомобильная;33697184
Запчасти/Фильтры и Ремни;35;Все товары/Авто/Запчасти/Фильтры;Готовые наборы для ТО;35849447
Запчасти/Фильтры и Ремни/Ремни Приводные и ГРМ;1067;Все товары/Авто/Запчасти/Фильтры;Готовые наборы для ТО;35849447
Запчасти/Фильтры и Ремни/Фильтры и Корпусы Фильтров;1092;Все товары/Авто/Запчасти/Фильтры;Готовые наборы для ТО;35849447
Запчасти/Электрооборудование;34;Все товары/Авто/Запчасти/Электрика;Электрооборудование;78731083
Запчасти/Электрооборудование/Блоки Управления;1105;Все товары/Авто/Запчасти/Электрика;Блок управления для авто;85843091
Запчасти/Электрооборудование/Выключатели Кнопки Переключатели;1009;Все товары/Авто/Запчасти/Электрика;Переключатель салона авто;92145050
Запчасти/Электрооборудование/Генераторы и Запчасти;1011;Все товары/Авто/Запчасти/Электрика;Автомобильный генератор;61852812
Запчасти/Электрооборудование/Датчики Разные;1015;Все товары/Авто/Запчасти/Электрика;Датчик для авто;85843109
Запчасти/Электрооборудование/Предохранители Разные;1055;Все товары/Авто/Запчасти/Электрика;Предохранитель для авто;85843120
Запчасти/Электрооборудование/Приборы и Панель Приборов;1056;Все товары/Авто/Запчасти/Электрика;Приборная панель для авто;99615332
Запчасти/Электрооборудование/Прикуриватель и Детали;1057;Все товары/Авто/Запчасти/Электрика;Розетка 12v, прикуриватель, USB/AUX выход;92496695
Запчасти/Электрооборудование/Проводка и Провода;1058;Все товары/Авто/Запчасти/Электрика;Проводка для авто;85843110
Запчасти/Электрооборудование/Реле Разные;1125;Все товары/Авто/Запчасти/Электрика;Реле для авто;85844627
Запчасти/Электрооборудование/Стартер Двигателя;1080;Все товары/Авто/Запчасти/Электрика;Комплектующие стартера для авто;85844666
Запчасти/Электрооборудование/Электрические Детали Разные;1119;Все товары/Авто/Запчасти/Электрика;Электрооборудование;78731083
